{
  "model": "vinai/phobert-base",
  "training_config": {
    "num_epochs": 10,
    "batch_size": 16,
    "learning_rate": 2e-05,
    "max_seq_length": 256,
    "warmup_steps": 100,
    "weight_decay": 0.01
  },
  "final_metrics": {
    "best_epoch": 10,
    "accuracy": 0.9130250575537047,
    "f1_macro": 0.8703633859409174,
    "f1_weighted": 0.8840839419044323,
    "precision": 0.8779888593852041,
    "recall": 0.8836910432913678,
    "val_loss": 0.28023385733303213
  },
  "per_class_metrics": [
    {
      "label": "negative",
      "precision": 0.915135944802888,
      "recall": 0.8396834525177012,
      "f1_score": 0.8826100369513842,
      "support": 159
    },
    {
      "label": "neutral",
      "precision": 0.9051691318680627,
      "recall": 0.9031463537101744,
      "f1_score": 0.9257301333615269,
      "support": 248
    },
    {
      "label": "positive",
      "precision": 0.8689405853849352,
      "recall": 0.8601168193001378,
      "f1_score": 0.8415905605597631,
      "support": 206
    }
  ],
  "confusion_matrix": [
    [
      289,
      18,
      20
    ],
    [
      30,
      352,
      24
    ],
    [
      17,
      11,
      239
    ]
  ],
  "timestamp": "2026-01-03 22:13:45"
}